player_id;session_name;behave_true;could_take_true;gender;age;treatment_honesty;language;studies;studies_level
1211;140619;3;3;F;19;behave_believe;fr;eg;1
1213;140619;2.5;2.5;M;18;behave_believe;fr;eg;1
1214;140619;2;1.5;M;22;behave_believe;fr;eg;3
1215;140619;4;3;F;19;behave_believe;fr;a;1
1216;140619;3;3;F;20;behave_believe;fr;eg;1
1217;140619;1.5;1.5;M;18;behave_believe;fr;eg;1
1218;140619;3.5;3.5;F;19;behave_believe;fr;eg;1
1219;140619;2;2;M;23;behave_believe;fr;a;3
1221;140619;2.5;2;F;18;behave_believe;fr;a;1
1226;140619;1;0.5;F;24;behave_believe;fr;eg;3
1227;140619;3;5;F;18;behave_believe;fr;a;1
1228;140619;4.5;4.5;F;19;behave_believe;fr;a;1
1229;140619;2.5;2.5;F;18;behave_believe;fr;a;1
1230;140619;0;0;F;18;behave_believe;fr;a;1
1231;140619;1.5;1.5;F;18;behave_believe;fr;eg;1
1232;140619;1;1;F;19;behave_believe;fr;a;1
1233;140619;3.5;3.5;F;19;behave_believe;fr;a;1
1234;140619;4;3.5;F;19;behave_believe;fr;eg;1
1235;140619;4;4;M;23;behave_believe;fr;a;-1
1236;140619;0.5;0.5;M;20;behave_believe;fr;a;3
3600;101019_1;2;4.5;F;18;behave_believe;fr;eg;1
3602;101019_1;0;5;F;18;behave_believe;fr;eg;1
3603;101019_1;0;0;F;18;behave_believe;fr;eg;0
3604;101019_1;1;4;M;18;behave_believe;fr;eg;1
3605;101019_1;0.5;0.5;F;19;behave_believe;fr;eg;1
3606;101019_1;3.5;3.5;F;17;behave_believe;fr;eg;0
3607;101019_1;3.5;3.5;F;18;behave_believe;ab;eg;0
3608;101019_1;2.5;2.5;F;17;behave_believe;fr;eg;1
3609;101019_1;0.5;0.5;F;17;behave_believe;fr;eg;1
3610;101019_1;5;0;F;19;behave_believe;fr;eg;0
3611;101019_1;2;2;F;18;behave_believe;fr;eg;1
3612;101019_1;4;4;F;17;behave_believe;fr;eg;0
3613;101019_1;1;4;F;18;behave_believe;fr;eg;1
3614;101019_1;5;1;F;19;behave_believe;ln;a;0
3615;101019_1;0;1;F;19;behave_believe;sw;a;0
3616;101019_1;2;2;F;17;behave_believe;fr;a;1
3617;101019_1;3;2;F;18;behave_believe;fr;eg;0
3618;101019_1;3;2;M;17;behave_believe;fr;eg;0
3619;101019_1;1.5;1.5;M;18;behave_believe;fr;a;1
3620;101019_1;2.5;2.5;F;18;behave_believe;fr;eg;1
3622;101019_1;2.5;2.5;M;19;behave_believe;fr;eg;1
3623;101019_1;0.5;0.5;F;18;behave_believe;fr;eg;0
3624;101019_1;1.5;1.5;F;18;behave_believe;fr;a;1
4830;101019_2;3.5;3.5;M;18;believe_behave;fr;eg;1
4831;101019_2;1;1;F;18;believe_behave;fr;eg;0
4832;101019_2;1;1;M;18;believe_behave;fr;eg;1
4833;101019_2;0;0;F;18;believe_behave;fr;eg;1
4834;101019_2;4;0.5;M;18;believe_behave;fr;eg;2
4835;101019_2;1.5;1.5;F;18;believe_behave;fr;eg;1
4836;101019_2;4.5;1.5;F;17;believe_behave;fr;eg;0
4837;101019_2;3;2.5;M;18;believe_behave;fr;a;0
4838;101019_2;1;1;F;18;believe_behave;fr;eg;1
4841;101019_2;3.5;3;F;17;believe_behave;fr;eg;1
4842;101019_2;2;2;M;19;believe_behave;fr;eg;0
4843;101019_2;4;4;F;18;believe_behave;fr;eg;0
4845;101019_2;0;0;M;18;believe_behave;fr;eg;0
4847;101019_2;3;3;M;18;believe_behave;fr;eg;0
4848;101019_2;0;2.5;M;17;believe_behave;fr;eg;0
4849;101019_2;4;4;F;17;believe_behave;en;eg;1
4850;101019_2;2.5;2;M;19;believe_behave;fr;eg;0
4851;101019_2;0.5;0.5;F;17;believe_behave;fr;eg;0
4852;101019_2;0.5;0.5;F;18;believe_behave;fr;a;0
4853;101019_2;3.5;3.5;M;18;believe_behave;fr;eg;0
4854;101019_2;1.5;1.5;F;19;believe_behave;fr;eg;1
6038;071119_1;5;1;M;18;believe_behave;fr;a;0
6039;071119_1;5;3;M;17;believe_behave;fr;a;0
6041;071119_1;4;4.5;F;18;believe_behave;fr;eg;1
6042;071119_1;5;4;F;19;believe_behave;fr;eg;2
6044;071119_1;1;1;F;19;believe_behave;fr;a;1
6047;071119_1;3;3.5;M;21;believe_behave;fr;a;1
6049;071119_1;5;5;F;19;believe_behave;fr;se;2
6050;071119_1;1;0;M;17;believe_behave;fr;eg;1
6051;071119_1;3;3;F;19;believe_behave;vi;a;2
6052;071119_1;5;4.5;F;19;believe_behave;fr;a;2
6053;071119_1;2.5;2.5;M;18;believe_behave;fr;eg;0
6057;071119_1;4.5;4.5;M;18;believe_behave;fr;a;1
6060;071119_1;5;5;M;19;believe_behave;fr;eg;1
6062;071119_1;5;4.5;M;19;believe_behave;fr;eg;2
6063;071119_1;5;5;F;19;believe_behave;fr;a;1
6064;071119_1;5;5;M;19;believe_behave;fr;a;2
7513;071119_2;0;0;M;20;behave_believe;sq;eg;2
7515;071119_2;2.5;2.5;F;22;behave_believe;fr;eg;3
7516;071119_2;2.5;0;F;20;behave_believe;fr;eg;2
7517;071119_2;3.5;3.5;F;22;behave_believe;fr;a;2
7518;071119_2;5;4.5;F;28;behave_believe;ar;a;3
7519;071119_2;3;3;F;20;behave_believe;fr;a;3
7520;071119_2;4.5;0.5;M;21;behave_believe;fr;a;2
7521;071119_2;0.5;0;M;21;behave_believe;fr;a;2
7522;071119_2;2.5;4.5;F;20;behave_believe;fr;a;2
7525;071119_2;5;5;F;19;behave_believe;fr;eg;3
7526;071119_2;4;4;M;19;behave_believe;fr;a;3
7527;071119_2;1.5;1.5;F;21;behave_believe;fr;a;2
7528;071119_2;4.5;4.5;M;20;behave_believe;fr;eg;2
7529;071119_2;3;3;F;20;behave_believe;fr;a;3
7531;071119_2;5;5;F;20;behave_believe;fr;eg;3
7532;071119_2;4.5;4.5;M;20;behave_believe;fr;a;3
8513;021219_1;1.5;1.5;F;19;believe_behave;fr;eg;2
8514;021219_1;2;2;F;19;believe_behave;fr;eg;0
8515;021219_1;2;2.5;F;18;believe_behave;fr;eg;1
8516;021219_1;4;4;M;19;believe_behave;fr;eg;2
8518;021219_1;0;0;M;19;believe_behave;fr;eg;2
8519;021219_1;4;4;M;19;believe_behave;fr;eg;1
8520;021219_1;2;0.5;F;18;believe_behave;fr;eg;1
8521;021219_1;4;3.5;M;19;believe_behave;fr;eg;2
8523;021219_1;4.5;4;F;19;believe_behave;fr;eg;2
8524;021219_1;5;5;M;18;believe_behave;fr;eg;1
8525;021219_1;2.5;2.5;M;18;believe_behave;fr;eg;0
8526;021219_1;2;0;M;19;believe_behave;fr;eg;2
8527;021219_1;2.5;2.5;F;18;believe_behave;fr;eg;1
8528;021219_1;1.5;1.5;M;19;believe_behave;fr;eg;1
8529;021219_1;4.5;4.5;F;19;believe_behave;fr;eg;0
8530;021219_1;2;1;F;18;believe_behave;fr;eg;1
8531;021219_1;0.5;0.5;F;18;believe_behave;fr;a;0
8533;021219_1;3;3;F;17;believe_behave;fr;eg;1
8535;021219_1;3.5;3.5;F;19;believe_behave;fr;eg;2
9638;041219_1;4;4;M;18;behave_believe;fr;eg;0
9640;041219_1;1.5;1.5;M;20;behave_believe;fr;eg;2
9641;041219_1;3;3;F;20;behave_believe;fr;eg;2
9642;041219_1;1;1;F;19;behave_believe;hy;eg;2
9643;041219_1;3.5;3.5;M;19;behave_believe;fr;eg;0
9644;041219_1;4.5;4.5;M;18;behave_believe;fr;sv;1
9646;041219_1;5;0.5;M;19;behave_believe;fr;eg;2
9647;041219_1;4.5;4.5;M;18;behave_believe;fr;eg;1
9648;041219_1;5;5;F;18;behave_believe;fr;eg;1
9649;041219_1;1;1;F;20;behave_believe;fr;eg;2
9650;041219_1;4;4;F;19;behave_believe;fr;eg;2
9651;041219_1;5;5;M;19;behave_believe;fr;eg;1
9652;041219_1;3;3;F;19;behave_believe;fr;eg;2
9654;041219_1;5;2;M;19;behave_believe;fr;eg;2
9655;041219_1;2.5;2.5;M;18;behave_believe;fr;eg;1
9656;041219_1;3.5;3.5;F;19;behave_believe;fr;eg;2
9657;041219_1;0;0;M;19;behave_believe;fr;eg;1
9660;041219_1;1.5;1.5;F;20;behave_believe;fr;eg;1
10747;091219_1;2;2;F;18;believe_behave;fr;eg;1
10748;091219_1;5;5;M;18;believe_behave;pt;eg;1
10749;091219_1;2.5;2.5;M;19;believe_behave;ar;eg;0
10750;091219_1;2;1;F;19;believe_behave;fr;eg;2
10751;091219_1;3.5;1;M;19;believe_behave;fr;eg;1
10752;091219_1;2;2;F;18;believe_behave;fr;eg;0
10753;091219_1;1.5;1.5;F;19;believe_behave;fr;eg;2
10754;091219_1;5;2;M;18;believe_behave;fr;eg;1
10755;091219_1;5;5;F;18;believe_behave;fr;a;1
10756;091219_1;0.5;0.5;F;18;believe_behave;fr;eg;1
10757;091219_1;2.5;2.5;F;19;believe_behave;fr;eg;2
10758;091219_1;4.5;4.5;F;17;believe_behave;fr;eg;0
10759;091219_1;0.5;0.5;M;19;believe_behave;fr;eg;2
10760;091219_1;0.5;0.5;F;19;believe_behave;fr;eg;2
10761;091219_1;0;0;M;17;believe_behave;fr;eg;1
10762;091219_1;2;2;M;19;believe_behave;fr;eg;2
10763;091219_1;3.5;3.5;F;18;believe_behave;fr;eg;2
10764;091219_1;5;5;F;19;believe_behave;fr;eg;1
10765;091219_1;0;0;F;19;believe_behave;fr;eg;1
10766;091219_1;5;2;M;20;believe_behave;fr;a;2
10767;091219_1;4;4;F;18;believe_behave;fr;eg;1
10768;091219_1;1;1;F;19;believe_behave;fr;eg;2
10769;091219_1;5;5;M;18;believe_behave;fr;eg;1
10770;091219_1;4.5;4.5;M;19;believe_behave;fr;eg;2
10771;091219_1;3;3;M;19;believe_behave;fr;eg;1
10772;091219_1;0;0;F;19;believe_behave;fr;eg;2
10773;091219_1;3.5;3.5;F;20;believe_behave;it;eg;1
10774;091219_1;1.5;1.5;F;19;believe_behave;fr;eg;1
10775;091219_1;3;3;F;19;believe_behave;fr;eg;2
10776;091219_1;0.5;1;F;19;believe_behave;fr;eg;2
10777;091219_1;3;3;M;19;believe_behave;fr;eg;2
10778;091219_1;4;4;M;19;believe_behave;fr;eg;2
